{
  "area": [
    {
      "height": 604.3333333333334,
      "match": 95,
      "type": "match",
      "width": 623.6666666666667,
      "xpos": 400.33333333333326,
      "ypos": 99.99999999999997
    },
    {
      "height": 64,
      "match": 95,
      "type": "match",
      "width": 400.66666666666674,
      "xpos": 0.6666666666666572,
      "ypos": 168.33333333333334
    }
  ],
  "properties": [],
  "tags": [
    "plasma-mobile-audiovol",
    "ENV-DISTRI-neon-mobile"
  ]
}
