{
  "area": [
    {
      "height": 58.66666666666674,
      "match": 95,
      "type": "match",
      "width": 99.33333333333337,
      "xpos": 462.66666666666663,
      "ypos": 641.6666666666666
    }
  ],
  "properties": [],
  "tags": [
    "plasma-mobile-cameracapture",
    "ENV-DISTRI-neon-mobile"
  ]
}
