{
  "area": [
    {
      "height": 59.33333333333326,
      "match": 95,
      "type": "match",
      "width": 97.33333333333337,
      "xpos": 9.333333333333343,
      "ypos": 640.3333333333334
    }
  ],
  "properties": [],
  "tags": [
    "plasma-mobile-cameramenu",
    "ENV-DISTRI-neon-mobile"
  ]
}
