{
  "area": [
    {
      "height": 55.33333333333334,
      "match": 95,
      "type": "match",
      "width": 1022.3333333333333,
      "xpos": 1.6666666666666856,
      "ypos": 158
    }
  ],
  "properties": [],
  "tags": [
    "plasma-mobile-selectkoko",
    "ENV-DISTRI-neon-mobile"
  ]
}
